number,title,url,status
1,Reading room addresses and hours of opening,http://naa.gov.au/collection/fact-sheets/fs01.aspx,200
1.1,Using our collection,http://naa.gov.au/collection/fact-sheets/fs01-1.aspx,404
2,Addresses of Australian archival institutions,http://naa.gov.au/collection/fact-sheets/fs02.aspx,404
3,Reading room rules,http://naa.gov.au/collection/fact-sheets/fs03.aspx,404
4,What are archives?,http://naa.gov.au/collection/fact-sheets/fs04.aspx,404
5,Archival terms,http://naa.gov.au/collection/fact-sheets/fs05.aspx,200
6,The Commonwealth Record Series (CRS) system,http://naa.gov.au/collection/fact-sheets/fs06.aspx,200
7,Citing archival records,http://naa.gov.au/collection/fact-sheets/fs07.aspx,200
8,Copyright,http://naa.gov.au/collection/fact-sheets/fs08.aspx,200
9,Searching for records,http://naa.gov.au/collection/fact-sheets/fs09.aspx,404
10,Access to records under the Archives Act,http://naa.gov.au/collection/fact-sheets/fs10.aspx,200
11,Viewing records in the reading room,http://naa.gov.au/collection/fact-sheets/fs11.aspx,404
12,What to do if we refuse you access,http://naa.gov.au/collection/fact-sheets/fs12.aspx,200
13,RecordSearch: an overview,http://naa.gov.au/collection/fact-sheets/fs13.aspx,404
14,Keyword searching in RecordSearch Advanced search screens,http://naa.gov.au/collection/fact-sheets/fs14.aspx,404
15,Release of records containing personal information,http://naa.gov.au/collection/fact-sheets/fs15.aspx,200
16,Service guidelines for the National Reference Service,http://naa.gov.au/collection/fact-sheets/fs16.aspx,404
18,NameSearch,http://naa.gov.au/collection/fact-sheets/fs18.aspx,200
19,PhotoSearch,http://naa.gov.au/collection/fact-sheets/fs19.aspx,404
21,Parliamentary Papers,http://naa.gov.au/collection/fact-sheets/fs21.aspx,404
22,Commonwealth of Australia Gazettes,http://naa.gov.au/collection/fact-sheets/fs22.aspx,404
23,"Customs House, Sydney",http://naa.gov.au/collection/fact-sheets/fs23.aspx,404
24,Coastal fortifications in New South Wales,http://naa.gov.au/collection/fact-sheets/fs24.aspx,404
25,Commonwealth Film Unit,http://naa.gov.au/collection/fact-sheets/fs25.aspx,404
26,The wine industry in South Australia,http://naa.gov.au/collection/fact-sheets/fs26.aspx,404
27,Tasmanian railways,http://naa.gov.au/collection/fact-sheets/fs27.aspx,404
28,Australia First Movement,http://naa.gov.au/collection/fact-sheets/fs28.aspx,404
29,Commonwealth banking policy,http://naa.gov.au/collection/fact-sheets/fs29.aspx,404
30,Navy service records,http://naa.gov.au/collection/fact-sheets/fs30.aspx,404
31,Navy crew and ships records,http://naa.gov.au/collection/fact-sheets/fs31.aspx,404
32,RAAF service records,http://naa.gov.au/collection/fact-sheets/fs32.aspx,404
33,Security intelligence records held in Canberra,http://naa.gov.au/collection/fact-sheets/fs33.aspx,404
34,Cabinet records,http://naa.gov.au/collection/fact-sheets/fs34.aspx,404
35,Administration of the Australian Capital Territory,http://naa.gov.au/collection/fact-sheets/fs35.aspx,404
36,Military records held in Hobart,http://naa.gov.au/collection/fact-sheets/fs36.aspx,404
37,Maritime records held in Hobart,http://naa.gov.au/collection/fact-sheets/fs37.aspx,404
38,Passenger records held in Canberra,http://naa.gov.au/collection/fact-sheets/fs38.aspx,404
39,Civilian service in World War II,http://naa.gov.au/collection/fact-sheets/fs39.aspx,404
40,Research agents – Canberra,http://naa.gov.au/collection/fact-sheets/fs40.aspx,404
41,Research agents – Sydney,http://naa.gov.au/collection/fact-sheets/fs41.aspx,404
42,Research agents – Brisbane,http://naa.gov.au/collection/fact-sheets/fs42.aspx,404
43,Research agents – Adelaide and Darwin,http://naa.gov.au/collection/fact-sheets/fs43.aspx,404
44,Research agents – Melbourne and Hobart,http://naa.gov.au/collection/fact-sheets/fs44.aspx,404
45,Research agents – Perth,http://naa.gov.au/collection/fact-sheets/fs45.aspx,404
46,Why we refuse access,http://naa.gov.au/collection/fact-sheets/fs46.aspx,200
47,Australian Overseas Information Service photographs,http://naa.gov.au/collection/fact-sheets/fs47.aspx,404
48,Papua New Guinea patrol reports,http://naa.gov.au/collection/fact-sheets/fs48.aspx,404
49,D Notices,http://naa.gov.au/collection/fact-sheets/fs49.aspx,404
50,Post Office records,http://naa.gov.au/collection/fact-sheets/fs50.aspx,404
51,Copying charges,http://naa.gov.au/collection/fact-sheets/fs51.aspx,200
52,Exempt information in ASIO records,http://naa.gov.au/collection/fact-sheets/fs52.aspx,404
53,Personal information in ASIO records,http://naa.gov.au/collection/fact-sheets/fs53.aspx,404
54,Veterans' case files,http://naa.gov.au/collection/fact-sheets/fs54.aspx,404
55,Fremantle Harbour,http://naa.gov.au/collection/fact-sheets/fs55.aspx,404
56,Passenger records held in Perth,http://naa.gov.au/collection/fact-sheets/fs56.aspx,404
57,"Melbourne Olympics, 1956",http://naa.gov.au/collection/fact-sheets/fs57.aspx,404
58,"World War I internee, alien and POW records held in Canberra",http://naa.gov.au/collection/fact-sheets/fs58.aspx,404
59,"World War II internee, alien and POW records held in Canberra",http://naa.gov.au/collection/fact-sheets/fs59.aspx,404
60,Design and development of the national capital,http://naa.gov.au/collection/fact-sheets/fs60.aspx,404
61,World War II war crimes,http://naa.gov.au/collection/fact-sheets/fs61.aspx,404
62,Indonesian independence,http://naa.gov.au/collection/fact-sheets/fs62.aspx,404
63,War service information,http://naa.gov.au/collection/fact-sheets/fs63.aspx,404
64,Passenger records held in Sydney,http://naa.gov.au/collection/fact-sheets/fs64.aspx,404
65,Customs shipping records held in Sydney,http://naa.gov.au/collection/fact-sheets/fs65.aspx,404
66,Migrant selection documents held in Canberra,http://naa.gov.au/collection/fact-sheets/fs66.aspx,404
67,Boer War records,http://naa.gov.au/collection/fact-sheets/fs67.aspx,404
68,Naturalisation records held in Canberra,http://naa.gov.au/collection/fact-sheets/fs68.aspx,404
69,ASIO files on writers and literary groups,http://naa.gov.au/collection/fact-sheets/fs69.aspx,404
70,Prime ministers of Australia,http://naa.gov.au/collection/fact-sheets/fs70.aspx,404
72,Prime Minister Joseph Cook,http://naa.gov.au/collection/fact-sheets/fs72.aspx,404
73,Prime Minister William Morris Hughes,http://naa.gov.au/collection/fact-sheets/fs73.aspx,404
74,Prime Minister Stanley Melbourne Bruce,http://naa.gov.au/collection/fact-sheets/fs74.aspx,404
75,Prime Minister James Henry Scullin,http://naa.gov.au/collection/fact-sheets/fs75.aspx,404
76,Prime Minister Joseph Aloysius Lyons,http://naa.gov.au/collection/fact-sheets/fs76.aspx,404
77,Prime Minister Earle Christmas Grafton Page,http://naa.gov.au/collection/fact-sheets/fs77.aspx,404
78,Prime Minister Robert Gordon Menzies,http://naa.gov.au/collection/fact-sheets/fs78.aspx,404
79,Prime Minister Arthur William Fadden,http://naa.gov.au/collection/fact-sheets/fs79.aspx,404
80,Prime Minister John Joseph Ambrose Curtin,http://naa.gov.au/collection/fact-sheets/fs80.aspx,404
81,Prime Minister Francis Michael Forde,http://naa.gov.au/collection/fact-sheets/fs81.aspx,404
82,Prime Minister Joseph Benedict Chifley,http://naa.gov.au/collection/fact-sheets/fs82.aspx,404
83,Prime Minister Harold Edward Holt,http://naa.gov.au/collection/fact-sheets/fs83.aspx,404
84,Prime Minister John McEwen,http://naa.gov.au/collection/fact-sheets/fs84.aspx,404
85,Prime Minister John Grey Gorton,http://naa.gov.au/collection/fact-sheets/fs85.aspx,404
86,Family history sources held in Canberra,http://naa.gov.au/collection/fact-sheets/fs86.aspx,404
87,Family history sources held in Adelaide,http://naa.gov.au/collection/fact-sheets/fs87.aspx,404
88,Australia and the United Nations,http://naa.gov.au/collection/fact-sheets/fs88.aspx,404
89,"Births, deaths and marriages",http://naa.gov.au/collection/fact-sheets/fs89.aspx,404
90,Cyclones and the Northern Territory,http://naa.gov.au/collection/fact-sheets/fs90.aspx,404
91,Coastal fortifications in South Australia,http://naa.gov.au/collection/fact-sheets/fs91.aspx,404
92,Customs houses in South Australia,http://naa.gov.au/collection/fact-sheets/fs92.aspx,404
93,"Customs House, Port Adelaide, South Australia",http://naa.gov.au/collection/fact-sheets/fs93.aspx,404
94,Excise control of distilled products in South Australia,http://naa.gov.au/collection/fact-sheets/fs94.aspx,404
95,Walter Burley Griffin and the design of Canberra,http://naa.gov.au/collection/fact-sheets/fs95.aspx,404
96,J T Lang and Lang Labor,http://naa.gov.au/collection/fact-sheets/fs96.aspx,404
98,Regulation of beer and brewing in South Australia,http://naa.gov.au/collection/fact-sheets/fs98.aspx,404
99,Sir Frederick Shedden and the Shedden collection,http://naa.gov.au/collection/fact-sheets/fs99.aspx,404
100,Records relating to Italian migration held in Sydney,http://naa.gov.au/collection/fact-sheets/fs100.aspx,404
101,"World War II internee, alien and POW records held in Sydney",http://naa.gov.au/collection/fact-sheets/fs101.aspx,404
102,The Australian flag,http://naa.gov.au/collection/fact-sheets/fs102.aspx,404
103,The Cocos (Keeling) Islands,http://naa.gov.au/collection/fact-sheets/fs103.aspx,404
104,Commonwealth electoral rolls held in Perth,http://naa.gov.au/collection/fact-sheets/fs104.aspx,404
105,Copyright records,http://naa.gov.au/collection/fact-sheets/fs105.aspx,404
106,"World War I internee, alien and POW records held in Adelaide",http://naa.gov.au/collection/fact-sheets/fs106.aspx,404
107,"World War II internee, alien and POW records held in Adelaide",http://naa.gov.au/collection/fact-sheets/fs107.aspx,404
108,The Pastoral industry in the Northern Territory,http://naa.gov.au/collection/fact-sheets/fs108.aspx,404
109,Building the provisional Parliament House,http://naa.gov.au/collection/fact-sheets/fs109.aspx,404
110,"When to use the Freedom of Information, Archives and Privacy Acts",http://naa.gov.au/collection/fact-sheets/fs110.aspx,200
111,"The sinking of HMAS Sydney, November 1941",http://naa.gov.au/collection/fact-sheets/fs111.aspx,404
112,Royal Commission into Aboriginal Deaths in Custody,http://naa.gov.au/collection/fact-sheets/fs112.aspx,404
113,Aboriginal and Torres Strait Islander people,http://naa.gov.au/collection/fact-sheets/fs113.aspx,404
114,Memorandum of Understanding with Northern Territory Aboriginal people,http://naa.gov.au/collection/fact-sheets/fs114.aspx,404
115,"Introducing television to Australia, 1956",http://naa.gov.au/collection/fact-sheets/fs115.aspx,404
116,Guides to the collection,http://naa.gov.au/collection/fact-sheets/fs116.aspx,404
117,Australia's involvement in the Vietnam War,http://naa.gov.au/collection/fact-sheets/fs117.aspx,404
118,Computer resources in reading rooms,http://naa.gov.au/collection/fact-sheets/fs118.aspx,404
119,Commonwealth electoral rolls held in Brisbane,http://naa.gov.au/collection/fact-sheets/fs119.aspx,404
120,Bankruptcy records held in Sydney,http://naa.gov.au/collection/fact-sheets/fs120.aspx,404
121,General Sir John Monash,http://naa.gov.au/collection/fact-sheets/fs121.aspx,404
122,Lighthouse records held in Hobart,http://naa.gov.au/collection/fact-sheets/fs122.aspx,404
123,Records of British migrants held in Canberra,http://naa.gov.au/collection/fact-sheets/fs123.aspx,404
124,Child migration to Australia,http://naa.gov.au/collection/fact-sheets/fs124.aspx,404
125,Radar research in Australia during World War II,http://naa.gov.au/collection/fact-sheets/fs125.aspx,404
126,Radar production and use during World War II,http://naa.gov.au/collection/fact-sheets/fs126.aspx,404
127,War Cabinet records,http://naa.gov.au/collection/fact-sheets/fs127.aspx,404
128,Cabinet notebooks,http://naa.gov.au/collection/fact-sheets/fs128.aspx,404
129,British nuclear tests at Maralinga,http://naa.gov.au/collection/fact-sheets/fs129.aspx,404
130,"The Royal Commission on Espionage, 1954–55",http://naa.gov.au/collection/fact-sheets/fs130.aspx,404
131,Posters,http://naa.gov.au/collection/fact-sheets/fs131.aspx,404
132,World War ll Army pay files held in Adelaide,http://naa.gov.au/collection/fact-sheets/fs132.aspx,404
133,Defence and service records held in Melbourne,http://naa.gov.au/collection/fact-sheets/fs133.aspx,404
134,Colonial defence personnel records held in Melbourne,http://naa.gov.au/collection/fact-sheets/fs134.aspx,404
135,Army administrative records held in Melbourne,http://naa.gov.au/collection/fact-sheets/fs135.aspx,404
136,Army service records,http://naa.gov.au/collection/fact-sheets/fs136.aspx,404
137,Navy administrative records held in Melbourne,http://naa.gov.au/collection/fact-sheets/fs137.aspx,404
138,Navy service records held in Melbourne,http://naa.gov.au/collection/fact-sheets/fs138.aspx,404
139,Royalty and Australian society,http://naa.gov.au/collection/fact-sheets/fs139.aspx,404
140,Cockatoo Island Dockyard,http://naa.gov.au/collection/fact-sheets/fs140.aspx,404
141,Stevedoring industry,http://naa.gov.au/collection/fact-sheets/fs141.aspx,404
142,"Canberra air disaster, 1940",http://naa.gov.au/collection/fact-sheets/fs142.aspx,404
143,"North Head Quarantine Station, Sydney",http://naa.gov.au/collection/fact-sheets/fs143.aspx,404
144,"Harold Holt's disappearance, 1967",http://naa.gov.au/collection/fact-sheets/fs144.aspx,404
145,Albert Namatjira,http://naa.gov.au/collection/fact-sheets/fs145.aspx,404
146,Jessie Sinclair Litchfield,http://naa.gov.au/collection/fact-sheets/fs146.aspx,404
147,Child migrant records held in Sydney,http://naa.gov.au/collection/fact-sheets/fs147.aspx,404
148,"Records of Papua New Guinea, 1883–1942",http://naa.gov.au/collection/fact-sheets/fs148.aspx,404
149,Sound collections held in Sydney,http://naa.gov.au/collection/fact-sheets/fs149.aspx,404
150,The 1967 referendum,http://naa.gov.au/collection/fact-sheets/fs150.aspx,404
151,Bishop Francis Xavier Gsell,http://naa.gov.au/collection/fact-sheets/fs151.aspx,404
152,Army and RAAF pay records held in Perth,http://naa.gov.au/collection/fact-sheets/fs152.aspx,404
153,ABC Talks Department scripts,http://naa.gov.au/collection/fact-sheets/fs153.aspx,404
154,External Affairs cables,http://naa.gov.au/collection/fact-sheets/fs154.aspx,404
155,Edward John Connellan and Connellan Airways,http://naa.gov.au/collection/fact-sheets/fs155.aspx,404
156,Records of Dutch migration held in Sydney,http://naa.gov.au/collection/fact-sheets/fs156.aspx,404
157,Christmas Island,http://naa.gov.au/collection/fact-sheets/fs157.aspx,404
158,"Foundation of the State of Israel, 1946",http://naa.gov.au/collection/fact-sheets/fs158.aspx,404
159,Reverend John Flynn and the Australian Inland Mission,http://naa.gov.au/collection/fact-sheets/fs159.aspx,404
160,"Universal military training in Australia, 1911–29",http://naa.gov.au/collection/fact-sheets/fs160.aspx,404
161,"Conscription referendums, 1916 and 1917",http://naa.gov.au/collection/fact-sheets/fs161.aspx,404
162,"National Service and war, 1939–45",http://naa.gov.au/collection/fact-sheets/fs162.aspx,404
163,"National Service, 1951–59",http://naa.gov.au/collection/fact-sheets/fs163.aspx,404
164,"National Service, 1965–72",http://naa.gov.au/collection/fact-sheets/fs164.aspx,404
165,"Royal Military College, Duntroon",http://naa.gov.au/collection/fact-sheets/fs165.aspx,404
166,"Government House, Canberra",http://naa.gov.au/collection/fact-sheets/fs166.aspx,404
167,Mount Stromlo Observatory,http://naa.gov.au/collection/fact-sheets/fs167.aspx,404
168,"Gorman House, Canberra",http://naa.gov.au/collection/fact-sheets/fs168.aspx,404
170,"Migrant hostels in New South Wales, 1946–78",http://naa.gov.au/collection/fact-sheets/fs170.aspx,404
171,"World War I internee, alien and POW records held in Sydney",http://naa.gov.au/collection/fact-sheets/fs171.aspx,404
172,Passenger records held in Melbourne,http://naa.gov.au/collection/fact-sheets/fs172.aspx,404
173,Security intelligence records in Melbourne,http://naa.gov.au/collection/fact-sheets/fs173.aspx,404
174,"East Block building, Canberra",http://naa.gov.au/collection/fact-sheets/fs174.aspx,404
175,Bringing Them Home name index,http://naa.gov.au/collection/fact-sheets/fs175.aspx,200
176,"Cyclone Tracy, Darwin",http://naa.gov.au/collection/fact-sheets/fs176.aspx,404
177,World War I and World War II service records,http://naa.gov.au/collection/fact-sheets/fs177.aspx,404
178,Commonwealth Reconstruction Training Scheme (CRTS) administrative records,http://naa.gov.au/collection/fact-sheets/fs178.aspx,404
179,Commonwealth Reconstruction Training Scheme (CRTS) applicants and trainees,http://naa.gov.au/collection/fact-sheets/fs179.aspx,404
180,"Wartime internee, alien and POW records held in Perth",http://naa.gov.au/collection/fact-sheets/fs180.aspx,404
181,Civil Constructional Corps records held in Perth,http://naa.gov.au/collection/fact-sheets/fs181.aspx,404
182,Civil Alien Corps records held in Perth,http://naa.gov.au/collection/fact-sheets/fs182.aspx,404
183,"New Guard Movement, 1931–35",http://naa.gov.au/collection/fact-sheets/fs183.aspx,404
184,Passenger records held in Hobart,http://naa.gov.au/collection/fact-sheets/fs184.aspx,404
185,Migrant selection documents held in Perth,http://naa.gov.au/collection/fact-sheets/fs185.aspx,404
186,Alien registration records held in Perth,http://naa.gov.au/collection/fact-sheets/fs186.aspx,404
187,Citizenship in Australia,http://naa.gov.au/collection/fact-sheets/fs187.aspx,404
188,"Empire Games, Sydney, 1938",http://naa.gov.au/collection/fact-sheets/fs188.aspx,404
189,"General Post Office, Sydney",http://naa.gov.au/collection/fact-sheets/fs189.aspx,404
190,Passenger records held in Brisbane,http://naa.gov.au/collection/fact-sheets/fs190.aspx,404
191,Aerial photographs,http://naa.gov.au/collection/fact-sheets/fs191.aspx,404
192,"Japanese midget submarine attacks on Sydney, 1942",http://naa.gov.au/collection/fact-sheets/fs192.aspx,404
193,Addresses of other national archives,http://naa.gov.au/collection/fact-sheets/fs193.aspx,404
194,Australian Antarctic exploration and research,http://naa.gov.au/collection/fact-sheets/fs194.aspx,404
195,The bombing of Darwin,http://naa.gov.au/collection/fact-sheets/fs195.aspx,200
196,Sir Charles Kingsford Smith,http://naa.gov.au/collection/fact-sheets/fs196.aspx,404
197,Photographs relating to Sir Charles Kingsford Smith,http://naa.gov.au/collection/fact-sheets/fs197.aspx,404
198,"Cowra breakout, 1944",http://naa.gov.au/collection/fact-sheets/fs198.aspx,404
199,"Army Inventions Directorate, 1942–46",http://naa.gov.au/collection/fact-sheets/fs199.aspx,404
200,Beginning your family history research,http://naa.gov.au/collection/fact-sheets/fs200.aspx,404
201,Tracing ancestors in the National Archives,http://naa.gov.au/collection/fact-sheets/fs201.aspx,404
202,Tracing ancestors beyond the National Archives,http://naa.gov.au/collection/fact-sheets/fs202.aspx,404
203,The House of Representatives Standing Committee of Privileges,http://naa.gov.au/collection/fact-sheets/fs203.aspx,404
204,"The Browne-Fitzpatrick privilege case, 1955",http://naa.gov.au/collection/fact-sheets/fs204.aspx,404
205,Memorandum of Understanding with the Victorian Aboriginal Child Care Agency,http://naa.gov.au/collection/fact-sheets/fs205.aspx,404
207,Records relating to Italian migration held in Perth,http://naa.gov.au/collection/fact-sheets/fs207.aspx,404
208,Research Agents – overseas institutions,http://naa.gov.au/collection/fact-sheets/fs208.aspx,404
209,Memorandum of Understanding with South Australian Indigenous people,http://naa.gov.au/collection/fact-sheets/fs209.aspx,404
210,Prime Minister Edmund Barton,http://naa.gov.au/collection/fact-sheets/fs210.aspx,404
211,Prime Minister Alfred Deakin,http://naa.gov.au/collection/fact-sheets/fs211.aspx,404
212,Prime Minister John Christian Watson,http://naa.gov.au/collection/fact-sheets/fs212.aspx,404
213,Prime Minister George Houstoun Reid,http://naa.gov.au/collection/fact-sheets/fs213.aspx,404
214,Prime Minister Andrew Fisher,http://naa.gov.au/collection/fact-sheets/fs214.aspx,404
215,Prime Minister William McMahon,http://naa.gov.au/collection/fact-sheets/fs215.aspx,404
216,Prime Minister Edward Gough Whitlam,http://naa.gov.au/collection/fact-sheets/fs216.aspx,404
217,The Jewish experience in Australia,http://naa.gov.au/collection/fact-sheets/fs217.aspx,404
218,The National Archives collecting policy,http://naa.gov.au/collection/fact-sheets/fs218.aspx,404
219,Special access,http://naa.gov.au/collection/fact-sheets/fs219.aspx,404
220,Passenger arrivals index,http://naa.gov.au/collection/fact-sheets/fs220.aspx,200
221,High Court of Australia,http://naa.gov.au/collection/fact-sheets/fs221.aspx,404
222,Mildenhall photographic collection,http://naa.gov.au/collection/fact-sheets/fs222.aspx,404
223,Migrant selection documents in Adelaide,http://naa.gov.au/collection/fact-sheets/fs223.aspx,404
224,The Wave Hill walk-off,http://naa.gov.au/collection/fact-sheets/fs224.aspx,404
225,Charles Nelson Perkins,http://naa.gov.au/collection/fact-sheets/fs225.aspx,404
226,"Custom House, Brisbane",http://naa.gov.au/collection/fact-sheets/fs226.aspx,404
227,Immigration records,http://naa.gov.au/collection/fact-sheets/fs227.aspx,404
228,"Torrens Island Quarantine Station, South Australia",http://naa.gov.au/collection/fact-sheets/fs228.aspx,404
229,"Access to damaged, fragile or contaminated records",http://naa.gov.au/collection/fact-sheets/fs229.aspx,404
230,Using cameras in the reading room,http://naa.gov.au/collection/fact-sheets/fs230.aspx,404
231,Neville Bonner,http://naa.gov.au/collection/fact-sheets/fs231.aspx,404
232,Industrial relations records held in Melbourne,http://naa.gov.au/collection/fact-sheets/fs232.aspx,404
233,Lighthouse records held in Brisbane,http://naa.gov.au/collection/fact-sheets/fs233.aspx,404
234,"United States forces in Queensland, 1941–45",http://naa.gov.au/collection/fact-sheets/fs234.aspx,404
235,"Francis Edgar Williams, anthropologist of Papua",http://naa.gov.au/collection/fact-sheets/fs235.aspx,404
236,Records relating to Italian migration held in Brisbane,http://naa.gov.au/collection/fact-sheets/fs236.aspx,404
237,"International Women's Year, 1975",http://naa.gov.au/collection/fact-sheets/fs237.aspx,404
238,"The 'Balibo affair', East Timor, October 1975",http://naa.gov.au/collection/fact-sheets/fs238.aspx,404
239,"The loans affair, 1974–75",http://naa.gov.au/collection/fact-sheets/fs239.aspx,404
240,"The dismissal, 1975",http://naa.gov.au/collection/fact-sheets/fs240.aspx,404
241,"John Robert Kerr, Governor-General of Australia, 1974–77",http://naa.gov.au/collection/fact-sheets/fs241.aspx,404
242,Prime Minister John Malcolm Fraser,http://naa.gov.au/collection/fact-sheets/fs242.aspx,404
243,"The fall of Saigon, 1975",http://naa.gov.au/collection/fact-sheets/fs243.aspx,404
244,Industrial development in Australia after World War II,http://naa.gov.au/collection/fact-sheets/fs244.aspx,404
245,"Patent, trademark and design records in Brisbane",http://naa.gov.au/collection/fact-sheets/fs245.aspx,404
246,"Cabinet records of the Fraser government, 1975–83",http://naa.gov.au/collection/fact-sheets/fs246.aspx,404
247,Australia's diplomatic relations with China,http://naa.gov.au/collection/fact-sheets/fs247.aspx,404
248,"Daniel Mannix, Catholic Archbishop of Melbourne",http://naa.gov.au/collection/fact-sheets/fs248.aspx,404
249,The National Archives digitisation service,http://naa.gov.au/collection/fact-sheets/fs249.aspx,404
250,"Albert Hall, Canberra",http://naa.gov.au/collection/fact-sheets/fs250.aspx,404
251,Australia’s national anthem,http://naa.gov.au/collection/fact-sheets/fs251.aspx,404
252,Tobacco advertising ban in Australia,http://naa.gov.au/collection/fact-sheets/fs252.aspx,404
253,Australian Atomic Energy Commission,http://naa.gov.au/collection/fact-sheets/fs253.aspx,404
254,The Immigration Photographic Archive,http://naa.gov.au/collection/fact-sheets/fs254.aspx,404
255,Australia and the issue of apartheid in sport,http://naa.gov.au/collection/fact-sheets/fs255.aspx,404
256,Passenger records held in Adelaide,http://naa.gov.au/collection/fact-sheets/fs256.aspx,404
257,Official access,http://naa.gov.au/collection/fact-sheets/fs257.aspx,404
258,"Torres Strait Treaty, 1978",http://naa.gov.au/collection/fact-sheets/fs258.aspx,404
259,South Australian lighthouse records,http://naa.gov.au/collection/fact-sheets/fs259.aspx,404
260,South Australian maritime records,http://naa.gov.au/collection/fact-sheets/fs260.aspx,404
261,"Independence of Papua New Guinea, 1975",http://naa.gov.au/collection/fact-sheets/fs261.aspx,404
262,Royal Commission on Intelligence and Security,http://naa.gov.au/collection/fact-sheets/fs262.aspx,404
263,Independence of Zimbabwe,http://naa.gov.au/collection/fact-sheets/fs263.aspx,404
264,Finding records relating to an Indigenous person,http://naa.gov.au/collection/fact-sheets/fs264.aspx,404
265,Patent records held in Canberra,http://naa.gov.au/collection/fact-sheets/fs265.aspx,404
266,The sinking of the Montevideo Maru,http://naa.gov.au/collection/fact-sheets/fs266.aspx,404
267,Robert James Lee Hawke,http://naa.gov.au/collection/fact-sheets/fs267.aspx,404
268,Aboriginal petitions,http://naa.gov.au/collection/fact-sheets/fs268.aspx,404
269,South Sea Islanders,http://naa.gov.au/collection/fact-sheets/fs269.aspx,404
270,Indigenous family history beyond the National Archives,http://naa.gov.au/collection/fact-sheets/fs270.aspx,404
271,Downer family collection,http://naa.gov.au/collection/fact-sheets/fs271.aspx,404
